pos_x,pos_y,rotation,side,designator,mpn,pack,footprint,value,mount_type
59.466944,29.435608,-90.0,top,C1,,,C_0603_1608Metric,0.1µ,smt
36.466944,74.935608,90.0,top,C10,,,C_0603_1608Metric,0.1µ,smt
51.466944,74.435608,90.0,top,C11,,,C_0603_1608Metric,0.1µ,smt
76.966944,74.710608,90.0,top,C12,,,C_0603_1608Metric,0.1µ,smt
151.066944,59.590608,0.0,top,C2,,,C_0603_1608Metric,0.1µ,smt
175.041944,49.840608,0.0,top,C3,,,C_0603_1608Metric,0.1µ,smt
164.116944,38.610608,0.0,top,C4,,,C_0603_1608Metric,0.1µ,smt
150.466944,40.435608,0.0,top,C5,,,C_0603_1608Metric,0.1µ,smt
134.391944,49.125608,0.0,top,C6,,,C_0603_1608Metric,0.1µ,smt
191.041944,53.650608,0.0,top,C7,,,C_0603_1608Metric,0.1µ,smt
6.466944,74.935608,90.0,top,C8,,,C_0603_1608Metric,0.1µ,smt
21.466944,75.210608,90.0,top,C9,,,C_0603_1608Metric,0.1µ,smt
175.966944,-6.564392,90.0,top,D1,,,D_SOD-123,1N4148,smt
2.816944,74.935608,90.0,top,D2,,,LED_WS2812B_PLCC4_5.0x5.0mm_P3.2mm,WS2812B,smt
17.466944,74.935608,90.0,top,D3,,,LED_WS2812B_PLCC4_5.0x5.0mm_P3.2mm,WS2812B,smt
32.466944,74.935608,90.0,top,D4,,,LED_WS2812B_PLCC4_5.0x5.0mm_P3.2mm,WS2812B,smt
47.466944,74.935608,90.0,top,D5,,,LED_WS2812B_PLCC4_5.0x5.0mm_P3.2mm,WS2812B,smt
72.466944,74.935608,90.0,top,D6,,,LED_WS2812B_PLCC4_5.0x5.0mm_P3.2mm,WS2812B,smt
183.466944,-12.064392,180.0,top,J1,,,Jack_3.5mm_CUI_SJ-3523-SMT_Horizontal,Midi In 0,smt
152.676944,74.905608,0.0,top,J11,,,Jack_3.5mm_CUI_SJ-3523-SMT_Horizontal,Midi Out 3,smt
129.816944,74.905608,0.0,top,J12,,,Jack_3.5mm_CUI_SJ-3523-SMT_Horizontal,Midi Out 4,smt
141.246944,74.905608,0.0,top,J13,,,Jack_3.5mm_CUI_SJ-3523-SMT_Horizontal,Midi Out 5,smt
163.466944,-12.064392,180.0,top,J14,,,Jack_3.5mm_CUI_SJ-3523-SMT_Horizontal,Sync Out 0,smt
150.466944,-12.064392,180.0,top,J15,,,Jack_3.5mm_CUI_SJ-3523-SMT_Horizontal,Sync Out 1,smt
191.371944,28.935608,-90.0,top,J16,,,PinHeader_1x08_P2.54mm_Vertical,Spare,tht
114.806944,27.435608,90.0,top,J17,,,PinHeader_1x07_P2.54mm_Vertical,Conn_01x07,tht
114.926944,19.935608,90.0,top,J18,,,PinHeader_1x07_P2.54mm_Vertical,Conn_01x07,tht
103.691944,38.510608,0.0,top,J19,,,PinHeader_2x05_P2.54mm_Vertical,Conn_02x05_Odd_Even,tht
194.926944,67.515608,0.0,top,J2,,,PinHeader_2x03_P2.54mm_Vertical,ICSP,tht
-7.308056,38.510608,0.0,top,J20,,,PinHeader_2x05_P2.54mm_Vertical,Conn_02x05_Odd_Even,tht
-4.033056,77.475608,0.0,top,J3,,,PinHeader_1x03_P2.54mm_Vertical,WS2812,tht
46.126944,-13.064392,-90.0,top,J4,,,PinHeader_2x07_P2.54mm_Vertical,Conn_02x07_Odd_Even,tht
186.966944,74.935608,0.0,top,J6,,,Jack_3.5mm_CUI_SJ-3523-SMT_Horizontal,Midi Out 0,smt
175.536944,74.935608,0.0,top,J7,,,Jack_3.5mm_CUI_SJ-3523-SMT_Horizontal,Midi Out 1,smt
164.106944,74.935608,0.0,top,J8,,,Jack_3.5mm_CUI_SJ-3523-SMT_Horizontal,Midi Out 2,smt
-7.113056,63.935608,90.0,top,J9,,,PinHeader_1x03_P2.54mm_Vertical,WS2812,tht
71.966944,14.760608,-90.0,top,R1,,,R_0603_1608Metric,10k,smt
176.466944,-11.064392,-90.0,top,R10,,,R_0603_1608Metric,220,smt
68.466944,14.610608,-90.0,top,R11,,,R_0603_1608Metric,10k,smt
26.466944,14.760608,90.0,top,R12,,,R_0603_1608Metric,10k,smt
22.466944,14.760608,90.0,top,R13,,,R_0603_1608Metric,10k,smt
18.466944,14.760608,90.0,top,R14,,,R_0603_1608Metric,10k,smt
75.466944,14.610608,-90.0,top,R15,,,R_0603_1608Metric,10k,smt
13.966944,14.760608,90.0,top,R16,,,R_0603_1608Metric,10k,smt
9.966944,14.760608,90.0,top,R17,,,R_0603_1608Metric,10k,smt
191.657344,5.044208,0.0,top,R18,,,R_0603_1608Metric,10k,smt
191.657344,2.504208,0.0,top,R19,,,R_0603_1608Metric,220,smt
71.641944,39.935608,180.0,top,R2,,,R_0603_1608Metric,10k,smt
191.657344,7.584208,180.0,top,R20,,,R_0603_1608Metric,220,smt
184.741944,64.435608,0.0,top,R21,,,R_0603_1608Metric,220,smt
187.971944,64.435608,0.0,top,R22,,,R_0603_1608Metric,220,smt
173.266944,64.435608,0.0,top,R23,,,R_0603_1608Metric,220,smt
177.065944,64.435608,0.0,top,R24,,,R_0603_1608Metric,220,smt
162.646944,64.435608,0.0,top,R25,,,R_0603_1608Metric,220,smt
166.466944,64.435608,0.0,top,R26,,,R_0603_1608Metric,220,smt
113.966944,38.098608,90.0,top,R27,,,R_0603_1608Metric,220,smt
113.966944,34.760608,-90.0,top,R28,,,R_0603_1608Metric,220,smt
151.226944,65.071608,0.0,top,R29,,,R_0603_1608Metric,220,smt
66.466944,39.935608,180.0,top,R3,,,R_0603_1608Metric,10k,smt
155.036944,65.071608,0.0,top,R30,,,R_0603_1608Metric,220,smt
127.701944,64.435608,0.0,top,R31,,,R_0603_1608Metric,220,smt
131.466944,64.435608,0.0,top,R32,,,R_0603_1608Metric,220,smt
139.131944,64.435608,0.0,top,R33,,,R_0603_1608Metric,220,smt
142.941944,64.435608,0.0,top,R34,,,R_0603_1608Metric,220,smt
163.420944,-2.200392,180.0,top,R35,,,R_0603_1608Metric,1k,smt
150.646944,-2.200392,180.0,top,R36,,,R_0603_1608Metric,1k,smt
49.466944,14.760608,-90.0,top,R4,,,R_0603_1608Metric,10k,smt
52.466944,14.760608,-90.0,top,R5,,,R_0603_1608Metric,10k,smt
55.466944,14.760608,-90.0,top,R6,,,R_0603_1608Metric,10k,smt
58.466944,14.760608,-90.0,top,R7,,,R_0603_1608Metric,10k,smt
61.466944,14.760608,-90.0,top,R8,,,R_0603_1608Metric,10k,smt
64.466944,14.760608,-90.0,top,R9,,,R_0603_1608Metric,10k,smt
0.966944,44.685608,90.0,top,SW2,,,SW_PUSH-12mm_Wuerth-430476085716,TAP,tht
-11.533056,-4.814392,90.0,top,SW3,,,SW_PUSH-12mm_Wuerth-430476085716,Start,tht
78.466944,-4.814392,90.0,top,SW4,,,SW_PUSH-12mm_Wuerth-430476085716,Stop,tht
13.466944,-4.814392,90.0,top,SW5,,,SW_PUSH-12mm_Wuerth-430476085716,Preset1,tht
33.466944,-4.814392,90.0,top,SW6,,,SW_PUSH-12mm_Wuerth-430476085716,Preset2,tht
53.466944,-4.814392,90.0,top,SW7,,,SW_PUSH-12mm_Wuerth-430476085716,Preset3,tht
68.966944,27.210608,90.0,top,U1,,,SOIC-24W_7.5x15.4mm_P1.27mm,CD74HC4067SM,smt
154.466944,51.435608,0.0,top,U2,,,SOIC-20W_7.5x12.8mm_P1.27mm,74LS241,smt
183.646944,3.799608,0.0,top,U3,,,SOP-8_6.62x9.15mm_P2.54mm,6N138,smt
172.466944,43.435608,0.0,top,U4,,,SO-16_3.9x9.9mm_P1.27mm,74HC595,smt
131.466944,43.435608,0.0,top,U6,,,SO-14_3.9x8.65mm_P1.27mm,74LS08,smt
147.466944,34.435608,0.0,top,U7,,,SO-14_3.9x8.65mm_P1.27mm,74LS08,smt
161.466944,31.935608,0.0,top,U8,,,SO-16_3.9x9.9mm_P1.27mm,74HC595,smt
187.466944,45.435608,0.0,top,U9,,,SOIC-20W_7.5x12.8mm_P1.27mm,74LS241,smt
