﻿designator,quantity,value,pack,mpn,mount_type
"C1, C2",2,0.1µ,C_0201_0603Metric,,smt
D1,1,1N4148,D_0201_0603Metric,,smt
J1,1,Midi In 0,Jack_3.5mm_CUI_SJ-3523-SMT_Horizontal,,smt
J10,1,Display,PinHeader_1x04_P2.54mm_Vertical,,tht
J11,1,Midi Out 3,Jack_3.5mm_CUI_SJ-3523-SMT_Horizontal,,smt
J12,1,Midi Out 4,Jack_3.5mm_CUI_SJ-3523-SMT_Horizontal,,smt
J13,1,Midi Out 5,Jack_3.5mm_CUI_SJ-3523-SMT_Horizontal,,smt
J14,1,Sync Out 0,Jack_3.5mm_CUI_SJ-3523-SMT_Horizontal,,smt
J15,1,Sync Out 1,Jack_3.5mm_CUI_SJ-3523-SMT_Horizontal,,smt
J2,1,ICSP,PinHeader_2x03_P2.54mm_Vertical,,tht
J3,1,Conn_02x09_Odd_Even,PinHeader_2x09_P2.54mm_Vertical,,tht
J4,1,Conn_02x04_Odd_Even,PinHeader_2x04_P2.54mm_Vertical,,tht
J5,1,Conn_02x12_Counter_Clockwise,DIP-24_W15.24mm,,tht
J6,1,Midi Out 0,Jack_3.5mm_CUI_SJ-3523-SMT_Horizontal,,smt
J7,1,Midi Out 1,Jack_3.5mm_CUI_SJ-3523-SMT_Horizontal,,smt
J8,1,Midi Out 2,Jack_3.5mm_CUI_SJ-3523-SMT_Horizontal,,smt
J9,1,WS2812,PinHeader_1x03_P2.54mm_Vertical,,tht
"R1, R11, R12, R13, R14, R15, R16, R17, R18, R2, R3, R4, R5, R6, R7, R8, R9",17,10k,R_0201_0603Metric,,smt
"R10, R19, R20, R21, R22, R23, R24, R25, R26, R27, R28, R29, R30, R31, R32, R33, R34",17,220,R_0201_0603Metric,,smt
"R35, R36",2,1k,R_0201_0603Metric,,smt
SW1,1,RotaryEncoder_Switch,RotaryEncoder_Alps_EC11E-Switch_Vertical_H20mm,,tht
U1,1,CD74HC4067SM,SOIC-24W_7.5x15.4mm_P1.27mm,,smt
U2,1,74LS241,SOIC-20W_7.5x12.8mm_P1.27mm,,smt
U3,1,6N138,SOP-8_6.62x9.15mm_P2.54mm,,smt
