﻿pos_x,pos_y,rotation,side,designator,mpn,pack,value,mount_type,place
125.095,-75.705,90.0,top,C1,,C_0201_0603Metric,0.1µ,smt,True
80.01,-86.045,90.0,top,C2,,C_0201_0603Metric,0.1µ,smt,True
158.333,-62.357,0.0,top,D1,,D_0201_0603Metric,1N4148,smt,True
158.767,-52.62,0.0,top,J1,,Jack_3.5mm_CUI_SJ-3523-SMT_Horizontal,Midi In 0,smt,True
133.35,-67.945,90.0,top,J10,,PinHeader_1x04_P2.54mm_Vertical,Display,tht,True
90.17,-52.65,0.0,top,J11,,Jack_3.5mm_CUI_SJ-3523-SMT_Horizontal,Midi Out 3,smt,True
67.31,-52.65,0.0,top,J12,,Jack_3.5mm_CUI_SJ-3523-SMT_Horizontal,Midi Out 4,smt,True
78.74,-52.65,0.0,top,J13,,Jack_3.5mm_CUI_SJ-3523-SMT_Horizontal,Midi Out 5,smt,True
135.907,-52.62,0.0,top,J14,,Jack_3.5mm_CUI_SJ-3523-SMT_Horizontal,Sync Out 0,smt,True
147.337,-52.62,0.0,top,J15,,Jack_3.5mm_CUI_SJ-3523-SMT_Horizontal,Sync Out 1,smt,True
127.54,-97.46,-90.0,top,J2,,PinHeader_2x03_P2.54mm_Vertical,ICSP,tht,True
62.24,-70.617,90.0,top,J3,,PinHeader_2x09_P2.54mm_Vertical,Conn_02x09_Odd_Even,tht,True
69.85,-96.52,-90.0,top,J4,,PinHeader_2x04_P2.54mm_Vertical,Conn_02x04_Odd_Even,tht,True
116.21,-83.815,-90.0,top,J5,,DIP-24_W15.24mm,Conn_02x12_Counter_Clockwise,tht,True
124.46,-52.62,0.0,top,J6,,Jack_3.5mm_CUI_SJ-3523-SMT_Horizontal,Midi Out 0,smt,True
113.03,-52.62,0.0,top,J7,,Jack_3.5mm_CUI_SJ-3523-SMT_Horizontal,Midi Out 1,smt,True
101.6,-52.62,0.0,top,J8,,Jack_3.5mm_CUI_SJ-3523-SMT_Horizontal,Midi Out 2,smt,True
60.96,-80.645,0.0,top,J9,,PinHeader_1x03_P2.54mm_Vertical,WS2812,tht,True
62.2808,-93.0254,90.0,top,R1,,R_0201_0603Metric,10k,smt,True
160.818,-62.357,0.0,top,R10,,R_0201_0603Metric,220,smt,True
75.5396,-75.9308,90.0,top,R11,,R_0201_0603Metric,10k,smt,True
74.2188,-75.9354,90.0,top,R12,,R_0201_0603Metric,10k,smt,True
72.9996,-75.9058,90.0,top,R13,,R_0201_0603Metric,10k,smt,True
71.6788,-75.9058,90.0,top,R14,,R_0201_0603Metric,10k,smt,True
70.485,-75.91,90.0,top,R15,,R_0201_0603Metric,10k,smt,True
69.215,-75.91,90.0,top,R16,,R_0201_0603Metric,10k,smt,True
67.818,-75.91,90.0,top,R17,,R_0201_0603Metric,10k,smt,True
159.385,-71.755,0.0,top,R18,,R_0201_0603Metric,10k,smt,True
159.385,-74.295,0.0,top,R19,,R_0201_0603Metric,220,smt,True
69.2404,-90.3838,-90.0,top,R2,,R_0201_0603Metric,10k,smt,True
159.385,-69.215,180.0,top,R20,,R_0201_0603Metric,220,smt,True
122.985,-62.23,0.0,top,R21,,R_0201_0603Metric,220,smt,True
126.215,-62.23,0.0,top,R22,,R_0201_0603Metric,220,smt,True
110.945,-62.23,0.0,top,R23,,R_0201_0603Metric,220,smt,True
114.755,-62.23,0.0,top,R24,,R_0201_0603Metric,220,smt,True
100.15,-62.23,0.0,top,R25,,R_0201_0603Metric,220,smt,True
103.96,-62.23,0.0,top,R26,,R_0201_0603Metric,220,smt,True
59.055,-91.7,90.0,top,R27,,R_0201_0603Metric,220,smt,True
59.055,-93.635,-90.0,top,R28,,R_0201_0603Metric,220,smt,True
88.72,-62.23,0.0,top,R29,,R_0201_0603Metric,220,smt,True
70.4596,-90.3838,-90.0,top,R3,,R_0201_0603Metric,10k,smt,True
92.53,-62.23,0.0,top,R30,,R_0201_0603Metric,220,smt,True
65.195,-62.23,0.0,top,R31,,R_0201_0603Metric,220,smt,True
69.005,-62.23,0.0,top,R32,,R_0201_0603Metric,220,smt,True
76.625,-62.23,0.0,top,R33,,R_0201_0603Metric,220,smt,True
80.435,-62.23,0.0,top,R34,,R_0201_0603Metric,220,smt,True
135.956,-62.103,0.0,top,R35,,R_0201_0603Metric,1k,smt,True
147.157,-62.103,0.0,top,R36,,R_0201_0603Metric,1k,smt,True
71.7804,-90.333,-90.0,top,R4,,R_0201_0603Metric,10k,smt,True
64.77,-92.9746,90.0,top,R5,,R_0201_0603Metric,10k,smt,True
67.564,-92.9746,90.0,top,R6,,R_0201_0603Metric,10k,smt,True
75.5396,-91.0184,-90.0,top,R7,,R_0201_0603Metric,10k,smt,True
76.8096,-90.9722,-90.0,top,R8,,R_0201_0603Metric,10k,smt,True
76.8096,-75.946,90.0,top,R9,,R_0201_0603Metric,10k,smt,True
106.68,-74.93,180.0,top,SW1,,RotaryEncoder_Alps_EC11E-Switch_Vertical_H20mm,RotaryEncoder_Switch,tht,True
71.12,-83.185,-90.0,top,U1,,SOIC-24W_7.5x15.4mm_P1.27mm,CD74HC4067SM,smt,True
117.475,-72.39,-90.0,top,U2,,SOIC-20W_7.5x12.8mm_P1.27mm,74LS241,smt,True
152.48,-73.025,0.0,top,U3,,SOP-8_6.62x9.15mm_P2.54mm,6N138,smt,True
